베테랑,66.00046,"3,300,023",한국,15세이상관람가,"액션,드라마",류승완,황정민|유아인|유해진|오달수|장윤주|김시후|오대환|정웅인|정만식|송영창|진경|유인영|박소담|이동휘|배성우|천호진|이채은|조덕현|신지수|김성종|권지훈|정윤헌|장한승|김선웅|김성종|우영택|김민재|김재현|김태용|김지수|박지윤|박지혜|손성민|장소연|유재명|배제기|류선영|정재헌|안길강|마동석|김응수
암살,31.56043,"3,156,043",한국,15세이상관람가,"액션,드라마",최동훈,전지현|이정재|하정우|오달수|조진웅|이경영|최덕문|김의성|박병은|김홍파|강용빈|홍성지|지동주|장현석|장용현|김민지|김승찬|안태랑|김예은|김정석|김정호|김준우|김지원|박상민|박정환|조승우|김해숙|진경|박소은|김인우
어벤져스: 에이지 오브 울트론,28.23388,"2,823,388",미국,12세이상관람가,"액션,어드벤처,판타지,SF",조스 웨던,로버트 다우니 주니어|크리스 헴스워스|마크 러팔로|크리스 에반스|스칼렛 요한슨|제레미 레너|돈 치들|애런 존슨|엘리자베스 올슨|폴 베타니|코비 스멀더스|제임스 스페이더|사무엘 L. 잭슨|수현
부산행,27.54664,"2,754,664",한국,15세이상관람가,"액션,스릴러",연상호,공유|김정희|정유미|마동석|최우식|안소희|김의성|김수안|박민우|박민혁|임종훈|박종관|장문성|박혜진|손지훈|손지훈|연상호|조춘호|지동현|윤미중|이동하|이윤상|최창수|편준의|허성우|황유경
캡틴 아메리카: 시빌 워,24.00069,"2,400,069",미국,12세이상관람가,"액션,SF,스릴러","안소니 루소,조 루소",크리스 에반스|로버트 다우니 주니어|스칼렛 요한슨|세바스찬 스탠|안소니 마키|돈 치들|제레미 레너
검사외전,22.26419,"2,226,419",한국,15세이상관람가,"범죄,코미디",이일형,황정민|강동원|이성민|박성웅|김응수|신소율|주진모|김원해|김홍파|김병옥|박종환|전배수|박지환|손종학|신혜선|김시은|김종수|한재영|박지환|박종우|박지홍|송승현|윤석민|이규호|이석준|이선주|이승민|이승우|이승준|이승훈|이승훈|최현준
국제시장,20.35955,"2,035,955",한국,12세이상관람가,드라마,윤제균,황정민|김윤진|오달수|정진영|장영남|라미란|김슬기|정영기|맹세창|김동원|김현중|김지영|황창기|박재우|박찬희|김예빈|김재철|김하연|김재현|이소영|류경현|황인준|이종석|이진희|박영수|전희경|박재언|유재상|김선영|정윤호|박길수|박영수
킹스맨 : 시크릿 에이전트,19.73409,"1,973,409","미국,영국",청소년관람불가,"액션,스릴러",매튜 본,콜린 퍼스|태런 에저튼|사무엘 L. 잭슨|마이클 케인
내부자들,19.73181,"1,973,181",한국,청소년관람불가,"범죄,드라마",우민호,이병헌|조승우|백윤식|이경영|김홍파|배성우|조재윤|김대명|조우진|이엘|정만식|김병옥|김의성|박진우|남일우|김연지|김진우|문소리|박경순|설우신|손혜진|신정미|윤보배|이선관|이재남|이재정|이주아|신지수|장현준|최정연|황준혁|손종학|조덕제|유재명
밀정,18.36695,"1,836,695",한국,15세이상관람가,액션,김지운,송강호|공유|한지민|츠루미 신고|엄태구|신성록|서영주|박민우|이진한|이진한|임서영|임서영|전수빈|정유안|조권수|조윤담|이동진|이상희|이수광|이승진|하민
곡성,18.31567,"1,831,567",한국,15세이상관람가,"미스터리,스릴러,드라마",나홍진,곽도원|황정민|쿠니무라 준|천우희|김환희|허진|장소연|김도윤|손강국|전배수|황석정|배용근|배용근|이인철|이용녀|선호삼|송민석|신재현|안수연|이선희|이수빈|이수진|권귀덕|이연|이연경|이연경
히말라야,17.38025,"1,738,025",한국,12세이상관람가,드라마,이석훈,황정민|정우|조성하|김인권|라미란|김원해|이해영|전배수|정유미|유선|한명환|김재준|박민우|배상민|이춘우|이혜진|최종률
터널,16.76926,"1,676,926",한국,12세이상관람가,드라마,김성훈,하정우|배두나|오달수|김종수|임한빈|정민희|송민석|윤성민|이동진|이상희|최춘범|권승구
미션 임파서블: 로그네이션,16.69524,"1,669,524",미국,15세이상관람가,"액션,스릴러,어드벤처",크리스토퍼 맥쿼리,톰 크루즈|제레미 레너|사이몬 페그|알렉 볼드윈|레베카 퍼거슨
사도,16.06593,"1,606,593",한국,12세이상관람가,사극,이준익,송강호|유아인|문근영|전혜진|김해숙|박원상|진지희|박소담|서예지|이효제|곽동호|최희영|정호|이현철|김상훈|이민혜|김경원|김대환|김민규|양지혜|안현숙|김우진|이대연|최덕문|정석용|최민철|안정우|안태훈|조승연
인사이드 아웃,15.95674,"1,595,674",미국,전체관람가,"애니메이션,코미디",피트 닥터,다이안 레인|에이미 포엘러|카일 맥라클란|민디 캘링|빌 헤이더
마션,15.13952,"1,513,952",미국,12세이상관람가,"액션,어드벤처,SF",리들리 스콧,맷 데이먼|제시카 차스테인|제프 다니엘스|케이트 마라|크리스틴 위그
쥬라기 월드,15.02391,"1,502,391",미국,12세이상관람가,"액션,어드벤처,SF",콜린 트레보로우,크리스 프랫|주디 그리어|브라이스 달라스 하워드|케이티 맥그라스|제이크 존슨|빈센트 도노프리오
주토피아,14.66435,"1,466,435",미국,전체관람가,"애니메이션,액션,어드벤처","바이론 하워드,리치 무어",지니퍼 굿윈|제이슨 베이트먼|샤키라
검은 사제들,14.30099,"1,430,099",한국,15세이상관람가,"미스터리,드라마",장재현,김윤석|강동원|박소담|김병옥|김의성|이호재|남일우|김동현|김미영|김수진|김혜민|박지수|송선찬|이상민|이승훈|이현우|손종학|조수향|남문철
인천상륙작전,14.27631,"1,427,631",한국,12세이상관람가,"전쟁,드라마",이재한,이정재|이범수|리암 니슨|진세연|정준호|박철민|김병옥|김선아|김영애|박성웅|추성훈|황석하
럭키,13.48511,"1,348,511",한국,15세이상관람가,코미디,이계벽,유해진|이준|조윤희|임지연|전혜빈|이동휘
덕혜옹주,13.07462,"1,307,462",한국,12세이상관람가,"사극,드라마",허진호,손예진|박해일|윤제문|라미란|정상훈|박수영|김소현|박주미|안내상|김재욱|김인우|백윤식|김대명|김정희|박윤식|박지수|박혜영|송민수|송창현|신동주|오세영|이경훈|이명규|이상진|이승진|최영빈|최일순|최정순|한동훈|함성원|홍은지
아가씨,12.92006,"1,292,006",한국,청소년관람불가,"스릴러,드라마",박찬욱,김민희|김태리|하정우|조진웅|김해숙|문소리|최병모|김인우|이용녀|조은형|장한순|이규정|이승준|이윤재
매드 맥스: 분노의 도로,12.85824,"1,285,824","미국,호주",15세이상관람가,"액션,어드벤처,스릴러",조지 밀러,톰 하디|샤를리즈 테론|니콜라스 홀트|조 크라비츠|로지 헌팅턴-휘틀리|라일리 코프|메간 게일|애비 리|코트니 이튼
연평해전,12.66958,"1,266,958",한국,12세이상관람가,드라마,김학순,김무열|진구|이현우|이완|이청아|천민희|이한종|박찬희|박혜준|최순조|최승준|최종환|송재호|유형균|박정학|이철민|김강일
인턴,12.28591,"1,228,591",미국,12세이상관람가,코미디,낸시 마이어스,앤 해서웨이|로버트 드니로|르네 루소|냇 울프|아담 드바인|앤드류 라넬스
데드풀,10.6253,"1,062,530",미국,청소년관람불가,"액션,SF",팀 밀러,라이언 레놀즈|모레나 바카린|에드 스크레인|지나 카라노|T.J. 밀러|브리아나 힐데브란드
스타워즈: 깨어난 포스,10.47067,"1,047,067",미국,12세이상관람가,"액션,어드벤처,판타지",J.J. 에이브럼스,해리슨 포드|마크 해밀|캐리 피셔|사이몬 페그|오스카 아이삭|막스 본 시도우|돔놀 글리슨
쿵푸팬더3,10.4541,"1,045,410",미국,전체관람가,"애니메이션,액션,어드벤처","여인영,알레산드로 칼로니",잭 블랙|안젤리나 졸리|더스틴 호프만|성룡|세스 로건|루시 리우|데이빗 크로스|J.K. 시몬스
분노의 질주: 더 세븐,8.64568,"864,568",미국,15세이상관람가,"액션,범죄,스릴러",제임스 완,빈 디젤|폴 워커|드웨인 존슨|제이슨 스타뎀
터미네이터 제니시스,8.53064,"853,064",미국,15세이상관람가,"액션,어드벤처,SF,스릴러",앨런 테일러,아놀드 슈왈제네거|제이슨 클락|에밀리아 클라크|제이 코트니|J.K. 시몬스|다요 오케니이|맷 스미스|코트니 B. 반스|이병헌|아론 V. 윌리엄슨
나우 유 씨 미 2,8.50601,"850,601",미국,12세이상관람가,"범죄,액션",존 추,제시 아이젠버그|마크 러팔로|우디 해럴슨|데이브 프랑코|다니엘 래드클리프|리지 캐플란|주걸륜|마이클 케인|모건 프리먼
엑스맨: 아포칼립스,8.47621,"847,621",미국,12세이상관람가,"액션,어드벤처,판타지,SF",브라이언 싱어,제임스 맥어보이|마이클 패스벤더|제니퍼 로렌스|오스카 아이삭|니콜라스 홀트|로즈 번|타이 쉐리던|소피 터너|올리비아 문|루카스 틸
조선명탐정 : 사라진 놉의 딸,8.45522,"845,522",한국,12세이상관람가,"사극,코미디,어드벤처",김석윤,김명민|오달수|이연희|강다현|전건익|정명철|박지선|배영민|정혜은|조관우|조명행|최지명|송병철|김나현|이경용|이귀현|이낙준|한대룡|이선도|이성동|이용우|김태환|정원중|남윤나|류광일|류현상|최무성|김원해|우현|황정민
앤트맨,8.42211,"842,211","미국,영국",12세이상관람가,"액션,SF",페이튼 리드,폴 러드|마이클 더글라스|에반젤린 릴리|코리 스톨
닥터 스트레인지,8.05688,"805,688",미국,12세이상관람가,"액션,어드벤처,판타지",스콧 데릭슨,베네딕트 컴버배치|레이첼 맥아담스|틸다 스윈튼|매즈 미켈슨|치웨텔 에지오포|스콧 앳킨스|마이클 스털버그|베네딕트 왕
귀향,8.02194,"802,194",한국,15세이상관람가,드라마,조정래,손숙|강하나|서미지|최리|정인기|오지혜|김시은|이채현|임성철|임혜영|박주현|박지희|박진경|장현익|정광윤|정부경|정승현|안재성|이경훈|이민영|이선희|이수현|이승현|이여원
제이슨 본,7.9779,"797,790",미국,15세이상관람가,"액션,스릴러",폴 그린그래스,맷 데이먼|줄리아 스타일즈|토미 리 존스|뱅상 카셀|알리시아 비칸데르
빅 히어로,7.72249,"772,249",미국,전체관람가,"애니메이션,액션,코미디","돈 홀,크리스 윌리암스",라이언 포터|스콧 애짓|다니엘 헤니|제이미 정|T.J. 밀러|제네시스 로드리게스|데이몬 웨이언스 주니어|마야 루돌프|제임스 크롬웰|알란 터딕
스물,7.40615,"740,615",한국,15세이상관람가,"코미디,드라마",이병헌,김우빈|이준호|강하늘|정덕희|주창욱|권지훈|오하늬|오현경|이성두|정소민|안재홍|이유비|김의성|김종수|민지|황미영
미스 페레그린과 이상한 아이들의 집,7.3258,"732,580","미국,벨기에,영국",12세이상관람가,"미스터리,판타지",팀 버튼,에바 그린|사무엘 L. 잭슨|아사 버터필드|앨리슨 제니|킴 디킨스|주디 덴치|크리스 오다우드
도리를 찾아서,7.24706,"724,706",미국,전체관람가,"애니메이션,어드벤처,코미디",앤드류 스탠튼,엘렌 드제너스|알버트 브룩스|다이안 키튼
극비수사,7.17981,"717,981",한국,15세이상관람가,"드라마,범죄",곽경택,김윤석|유해진|송영창|장영남|정호빈|이준혁|이종일|장성훈|정규용|정기용|백승호|이효제|최원|송승현|신유경|양중경|유주영|홍명기|이석현|이소영|이승준|이윤희|이인규|주영호|박효주|이재용|남문철
정글북,7.07481,"707,481",미국,12세이상관람가,"어드벤처,드라마",존 파브로,닐 세티|빌 머레이|스칼렛 요한슨|벤 킹슬리|이드리스 엘바|루피타 뇽오|크리스토퍼 월켄|지안카를로 에스포지토
메이즈 러너: 스코치 트라이얼,6.97898,"697,898",미국,12세이상관람가,"액션,SF,스릴러",웨스 볼,딜런 오브라이언|토마스 생스터|카야 스코델라리오|이기홍
아수라,6.76288,"676,288",한국,청소년관람불가,"범죄,액션",김성수,정우성|황정민|주지훈|곽도원|정만식|김원해|김종수|김해곤|윤지혜|오연아|윤제문
배트맨 대 슈퍼맨: 저스티스의 시작,6.63637,"663,637",미국,12세이상관람가,"액션,어드벤처,판타지",잭 스나이더,헨리 카빌|벤 애플렉|에이미 아담스|로렌스 피쉬번|제시 아이젠버그|제레미 아이언스|홀리 헌터|갤 가돗
마이펫의 이중생활,6.58731,"658,731",미국,전체관람가,"애니메이션,코미디,가족",크리스 리노드,스티브 쿠건|엘리 켐퍼|레이크 벨|데이너 카비|케빈 하트
스파이,6.51251,"651,251",미국,15세이상관람가,"액션,코미디",폴 페이그,주드 로|제이슨 스타뎀|멜리사 맥카시
미니언즈,6.30536,"630,536",미국,전체관람가,애니메이션,"피에르 꼬팽,카일 발다",산드라 블록|존 햄|마이클 키튼
레버넌트: 죽음에서 돌아온 자,6.14015,"614,015",미국,15세이상관람가,"어드벤처,드라마",알레한드로 곤잘레스 이냐리투,레오나르도 디카프리오|톰 하디
뷰티 인사이드,6.12329,"612,329",한국,12세이상관람가,"판타지,멜로/로맨스",백,오상철|한효주|김대명|도지한|배성우|박신혜|이범수|박서준|김상호|천우희|우에노 주리|이재준|김민재|이현우|조달환|이진욱|홍다미|서강준|김희원|이동욱|고아성|김주혁|유연석|이동휘|문숙|이경영|유재상|임예진|정두원|박지현|정은교|조유덕|차수보|차정환|이미도|손영진|신예진|유보라|윤여진|이미애|홍승철|이성준|이소연|이슬기|이승대|신동미|이진성|김시은
강남 1970,5.86992,"586,992",한국,청소년관람불가,"액션,드라마",유하,이민호|김래원|정진영|설현|유승목|한재영|이연두|정호빈|최진호|엄효섭|최병모|지대한|전배수|윤종화|서우진|이인혁|이정완|이주협|박소희|박시연|이한울|임성숙|장준혁|전겸수|강풍|박재영|박재희|박준영|정영택|백동현|정창용|조선기|서현석|천영암|손재영|주연서|신영규|양진석|오형근|유정호|윤지원|이규석|김원진|이성용|이성준|이세훈|황재진|이원희|이은주|안정우|정진영|김지수|곽민호
이미테이션 게임,5.7025,"570,250",영국,15세이상관람가,"드라마,스릴러",모튼 틸덤,베네딕트 컴버배치|키이라 나이틀리|매튜 구드
내부자들: 디 오리지널,5.65191,"565,191",한국,청소년관람불가,"범죄,드라마",우민호,신지수|이병헌|조승우|백윤식|이경영|김홍파|배성우|조재윤|김대명|조우진|이엘|정만식|김병옥|박진우|남일우|김의성|손종학|조덕제|유재명
007 스펙터,5.48082,"548,082","영국,미국",15세이상관람가,"액션,어드벤처,범죄,스릴러",샘 멘데스,다니엘 크레이그|레아 세이두|크리스토프 왈츠|모니카 벨루치
굿바이 싱글,5.2783,"527,830",한국,15세이상관람가,"코미디,드라마",김태곤,김혜수|마동석|김현수|김용건|서현진|곽시양|전석호|이미도|이성민|황미영|이형미|박지영|정준화|유성진|윤환|이수경|최문석|홍민희
수어사이드 스쿼드,5.21273,"521,273",미국,15세이상관람가,액션,데이비드 에이어,윌 스미스|자레드 레토|마고 로비|스콧 이스트우드|카라 델레바인|제이 코트니|조엘 킨나만|비올라 데이비스|제이 헤르난데즈|애덤 비치|카렌 후쿠하라|커먼|벤 애플렉
탐정 : 더 비기닝,5.04961,"504,961",한국,15세이상관람가,"코미디,범죄",김정훈,권상우|성동일|박해준|이승준|조복래|오정세|박준면|이일화|서영희|강민지|홍서현|천유나|차승연|정종훈|정승연|이현기|이찬희|김승배|김은지|김태훈|김하늘|김희영|모일영|박민철|박성일|박시영|박지혜|최성원|홍은택|이해영|지대한
악의 연대기,4.98396,"498,396",한국,15세이상관람가,스릴러,백운학,손현주|마동석|최다니엘|박서준|이준혁|이태호|이현우|강민정|조은수|서정우|최동헌|안용우|이명준|이성재|이용희|이은정|김태강|정원중|지대한|장준녕|정준원
테이큰 3,4.87343,"487,343",미국,15세이상관람가,"액션,범죄,스릴러",올리비에 메가턴,리암 니슨|팜케 얀센|매기 그레이스|존 그리스|포레스트 휘테커
오늘의 연애,4.80061,"480,061",한국,15세이상관람가,"멜로/로맨스,코미디",박진표,이승기|문채원|이서진|장진우|이경진|이동진|임하룡|이상협|김광규|김부선|가인|임종윤|남능미
컨저링 2,4.56204,"456,204",미국,15세이상관람가,공포(호러),제임스 완,베라 파미가|패트릭 윌슨|프란카 포텐테|프란시스 오코너|스털링 제린스
봉이 김선달,4.35005,"435,005",한국,12세이상관람가,사극,박대민,유승호|조재현|고창석|라미란|시우민|연우진|전석호|서예지|주영호|박예슬|박상현|박진성|유일한|이선희
샌 안드레아스,4.32263,"432,263",미국,12세이상관람가,"액션,드라마,스릴러",브레드 페이튼,드웨인 존슨|알렉산드리아 다다리오
쎄시봉,4.20577,"420,577",한국,15세이상관람가,"멜로/로맨스,코미디,드라마",김현석,김윤석|정우|한효주|김희애|진구|장현성|강하늘|조복래|김인권|장미진|강명찬|정수교|조성관|천준호|최남주|최성택|최성택|최충열|송민석|박소담|오하늬|윤준호|이미소|김승찬|이병훈|이상희|이승현|안재홍|이대연|이동훈|권해효
셜록: 유령신부,4.14969,"414,969",영국,12세이상관람가,"범죄,드라마",더글라스 맥키넌,베네딕트 컴버배치|마틴 프리먼
인디펜던스 데이 : 리써전스,3.98361,"398,361",미국,12세이상관람가,"액션,어드벤처,SF",롤랜드 에머리히,빌 풀만|리암 헴스워스|제프 골드블럼|비비카 A. 폭스|제시 어셔
차이나타운,3.95492,"395,492",한국,청소년관람불가,"범죄,드라마",한준희,김혜수|김고은|엄태구|박보검|고경표|오대환|배유람|이혁준|백동현|조경섭|권지훈|김경애|오유진|우종현|유지현|김성종|이상희|이수경|김수안|정석용|이대연|이루리|안재홍|기주봉|조복래|이민지
대호,3.83849,"383,849",한국,12세이상관람가,사극,박훈정,최민식|정만식|김상호|성유빈|오스기 렌|정석원|김홍파|라미란|이은우|현승민|우정국|박인수|김진혁|양준호|양호성|윤성민|이상민|장한별|주창욱|남연우|유재명|박지환
스타트렉 비욘드,3.78834,"378,834",미국,12세이상관람가,"액션,SF",저스틴 린,크리스 파인|사이몬 페그|조 샐다나|재커리 퀸토|칼 어번|안톤 옐친|존 조|이드리스 엘바|소피아 부텔라
동주,3.77229,"377,229",한국,12세이상관람가,드라마,이준익,강하늘|박정민|김인우|최홍일|김정석|최희서|신윤주|문성근|최종률|전재형|정운봉|이선주|허욱진
더 폰,3.66753,"366,753",한국,15세이상관람가,"스릴러,액션",김봉주,손현주|엄지원|배성우|김성종|권지훈|조용관|정한빈|정진근|장한별|임태훈|이확광|김성종|이병권|김경애|김광섭|이광기|김영민|김용환|김소영|김주희|김태환|김한준|서병철|백동현|이철민|노정의|장인섭|조달환|황석정
벤허,3.56127,"356,127",미국,12세이상관람가,"어드벤처,드라마",티무르 베크맘베토브,잭 휴스턴|토비 켑벨|모건 프리먼|로드리고 산토로|할룩 빌기너|요한 필리프 아스베크|모이세스 아리아스|아예렛 주러|소피아 블랙 디엘리아|제임스 코스모|다토 바크하제|자레스 J. 메즈
미 비포 유,3.48319,"348,319",미국,12세이상관람가,"멜로/로맨스,드라마",테아 샤록,에밀리아 클라크|샘 클라플린|매튜 루이스
마다가스카의 펭귄,3.46897,"346,897",미국,전체관람가,"애니메이션,코미디,어드벤처,가족","에릭 다넬,사이몬 J.스미스",베네딕트 컴버배치|존 말코비치|톰 맥그라스|크리스 밀러|크리스토퍼 나이츠|켄 정
탐정 홍길동: 사라진 마을,3.39742,"339,742",한국,15세이상관람가,"드라마,액션",조성희,이제훈|김성균|박근형|정성화|고아라|노정의|김하나|유승목|박정원|박지훈|오현암|유정래|윤상훈|이민아|이민지|이상희
시간이탈자,3.25459,"325,459",한국,15세이상관람가,스릴러,곽재용,임수정|조정석|이진욱|정진영|이기우|온주완|전신환|이민호|김보라|임예진|정웅인|박준규|남태부|차은재|박지원|박소영|백준혁|조민영|신지수|이동희|이성준|이영민
몬스터 호텔 2,3.25201,"325,201",미국,전체관람가,애니메이션,젠디 타타코브스키,아담 샌들러|셀레나 고메즈|케빈 제임스|스티브 부세미
워크래프트: 전쟁의 서막,3.24475,"324,475",미국,12세이상관람가,"액션,어드벤처,판타지",던칸 존스,트래비스 핌멜|벤 포스터|폴라 패튼|도미닉 쿠퍼|클랜시 브라운|토비 켑벨
브리짓 존스의 베이비,3.12416,"312,416",미국,15세이상관람가,"코미디,멜로/로맨스",샤론 맥과이어,르네 젤위거|콜린 퍼스|패트릭 뎀시
굿 다이노,3.01735,"301,735",미국,전체관람가,"애니메이션,어드벤처,코미디",피터 손,
간신,2.89236,"289,236",한국,청소년관람불가,사극,민규동,주지훈|김강우|천호진|임지연|이유영|김현수|문희경|박시영|박아영|임효우|전미정|전태호|박은영|박은영|박재성|박주희|박지수|정수지|정재우|배효진|조명행|조용완|송영창|차지연|성진아|최창훈|신동필|양정민|염재민|한진구|이보라|홍의정|황동희|이상철|이소희|이솔|이슬기|이승주|이용호|이용호|이윤지|김태희|서영주|기주봉|장광|류선영|김강일|정만식|최일화
장수상회,2.88983,"288,983",한국,12세이상관람가,"멜로/로맨스,드라마",강제규,박해빛나|박근형|윤여정|조진웅|한지민|황우슬혜|문가영|찬열|장문규|이준혁|윤소희|백일섭|박소연|이제욱|강석민|박지혜|정해인|최대영|최승훈|송동규|유원준|유원준|윤상훈|윤여정|이강희|임하룡|홍성일|이보영|이상수|이수지|이언정|김재화|남문철
박물관이 살아있다 : 비밀의 무덤,2.88421,"288,421","미국,영국",전체관람가,"어드벤처,코미디,가족",숀 레비,벤 스틸러|로빈 윌리엄스|댄 스티븐스|오웬 윌슨|벤 킹슬리|레벨 윌슨
맨 인 더 다크,2.71534,"271,534",미국,청소년관람불가,스릴러,페드 알바레즈,제인 레비|딜런 미네트|스티븐 랭|다니엘 조바토
성난 변호사,2.66739,"266,739",한국,15세이상관람가,"범죄,액션",허종호,오상철|이선균|김고은|임원희|장현성|최재웅|김윤혜|홍성덕|배유람|권귀덕|조경섭|조경섭|정진근|장명진|이확광|이형섭|이은택|이수민|이기창|유영진|김현정|노영화|송원종|박지영
특별수사: 사형수의 편지,2.62217,"262,217",한국,15세이상관람가,"범죄,드라마",권종관,김명민|김상호|성동일|김영애|김향기|김뢰하|박수영|박혁권|최병모|오민석|이지훈|박지환|신구|이한위|이문식|김명국|정택호|차상민|이성욱|이승훈
헝거게임: 더 파이널,2.57953,"257,953",미국,15세이상관람가,"액션,어드벤처",프란시스 로렌스,제니퍼 로렌스|조쉬 허처슨|리암 헴스워스|필립 세이모어 호프만|줄리안 무어|우디 해럴슨|엘리자베스 뱅크스|도날드 서덜랜드
갓 오브 이집트,2.53068,"253,068",미국,12세이상관람가,"어드벤처,판타지",알렉스 프로야스,제라드 버틀러|니콜라이 코스터 왈도|코트니 이튼|브렌튼 스웨이츠|애비 리
라이트 아웃,2.48391,"248,391",미국,15세이상관람가,공포(호러),데이비드 F. 샌드버그,테레사 팔머|앨리시아 벨라-베일리|가브리엘 베이트먼|알렉산더 디퍼시아
매그니피센트 7,2.47071,"247,071",미국,15세이상관람가,"액션,서부극(웨스턴)",안톤 후쿠아,덴젤 워싱턴|크리스 프랫|이병헌|에단 호크|맷 보머|빈센트 도노프리오|해일리 베넷|캠 지갠뎃
"날, 보러와요",2.44894,"244,894",한국,청소년관람불가,"미스터리,스릴러",이철하,강예원|이상윤|최진호|지대한|김종수|이학주|장태성|유건|길해연|조재윤|이형석|박송해|정경일|안용우|안지혜|안지혜|최낙영|이규호|이상백|이승진
오빠생각,2.42378,"242,378",한국,12세이상관람가,"드라마,전쟁",이한,임시완|고아성|이희준|이준혁|정준원|이레|김영재|임윤경|정대웅|정병두|정세훈|이건하|이성욱|이승빈|이승준|이연화|홍동영|홍솔
좋아해줘,2.34989,"234,989",한국,12세이상관람가,"멜로/로맨스,코미디",박현진,이미연|최지우|김주혁|유아인|강하늘|이솜|하석진|지윤호|한재영|선주아|이춘우|이한승|이현서|장원진|전호성|송창현|이서연|이성진|이승연
허삼관,2.33911,"233,911",한국,12세이상관람가,드라마,하정우,하정우|하지원|전혜진|장광|주진모|성동일|이경영|김영애|정만식|조진웅|김기천|김성균|윤은혜|황보라|강민지|전현석|정우진|이경원|이민호|이수인|이승준|이승호|김재화|김시은
"고산자, 대동여지도",2.3361,"233,610",한국,전체관람가,사극,강우석,차승원|유준상|김인권|남지현|신동미|남경읍|태인호|공형진|김종수
하트 오브 더 씨,2.27389,"227,389",미국,12세이상관람가,"액션,어드벤처,드라마",론 하워드,크리스 헴스워스|킬리언 머피|벤 위쇼|샬롯 라일리|브렌단 글리슨|벤자민 워커
미쓰 와이프,2.24095,"224,095",한국,15세이상관람가,코미디,강효진,엄정화|송승헌|김상호|라미란|서신애|임보경|강현구|백승호|정지안|조훈휘|최윤철|유영채|홍석현|이승호|이연주|이은정|고수희|안소연|양도연|염동현|황석하|정지훈|조덕제|김병춘|최종률|정유석|이용녀|최일화
그놈이다,2.23764,"223,764",한국,15세이상관람가,스릴러,윤준형,주원|유해진|이유영|류혜영|서현우|이준혁|윤석진|김민서|김현정|박지윤|장인섭|윤다경
레전드 오브 타잔,2.22047,"222,047",미국,12세이상관람가,"액션,어드벤처",데이빗 예이츠,알렉산더 스카스가드|마고 로비|크리스토프 왈츠|사무엘 L. 잭슨|자이몬 훈수|존 허트|짐 브로드벤트
빅쇼트,2.1587,"215,870",미국,청소년관람불가,드라마,아담 맥케이,크리스찬 베일|스티브 카렐|라이언 고슬링|브래드 피트
손님,2.13281,"213,281",한국,15세이상관람가,"판타지,공포(호러)",김광태,류승룡|이성민|천우희|이준|정경호|김정영|박시연|이민지|백승호|유재현|이서연|이승준|전국환|정준원
런던 해즈 폴른,2.07992,"207,992","미국,영국",15세이상관람가,"액션,범죄,스릴러",바박 나자피,제라드 버틀러|아론 에크하트|모건 프리먼|안젤라 바셋
인페르노,2.06359,"206,359","미국,일본,터키,헝가리",15세이상관람가,"미스터리,스릴러",론 하워드,톰 행크스|펠리시티 존스|벤 포스터|이르판 칸|오마 사이|시드 바벳 크누센|안나 울라루
신데렐라,2.05943,"205,943",미국,전체관람가,멜로/로맨스,케네스 브래너,릴리 제임스|리처드 매든|케이트 블란쳇|헬레나 본햄 카터|홀리데이 그레인저|소피 맥쉐라
살인의뢰,2.0183,"201,830",한국,청소년관람불가,"범죄,스릴러",손용호,김상경|김성균|박성웅|윤승아|조재윤|김의성|기주봉|홍성덕|오대환|이정훈|이진수|박소희|박일우|박혜미|송영창|태욱|김덕순|이다희|이상인|이용출|임종윤
픽셀,1.95473,"195,473",미국,12세이상관람가,"액션,어드벤처",크리스 콜럼버스,아담 샌들러|케빈 제임스|미셸 모나한|피터 딘클리지|애슐리 벤슨
인시디어스 3,1.91674,"191,674",미국,15세이상관람가,공포(호러),리 워넬,스테파니 스콧|더못 멀로니|린 샤예
설리: 허드슨강의 기적,1.91644,"191,644",미국,12세이상관람가,드라마,클린트 이스트우드,톰 행크스|아론 에크하트|로라 린니
열정같은소리하고있네,1.77071,"177,071",한국,15세이상관람가,드라마,정기훈,정재영|박보영|오달수|배성우|류덕환|류현경|진경|윤균상|최홍원|김보람|김정훈|서동원|신정훈|육진영|이미경|이상훈|이영진|이병준|유하복
그날의 분위기,1.71974,"171,974",한국,15세이상관람가,멜로/로맨스,조규장,김정희|문채원|유연석|조재윤|김슬기|이해영|이연두|박민우|이창해|인교진|임영|박태영|정경옥|박호진|정라엘|서정희|오형근|이범희|이은정
국가대표 2,1.69146,"169,146",한국,12세이상관람가,드라마,김종현,수애|오달수|오연서|하재숙|김슬기|김예원|진지희|임진영|박진하|전송이|방추성|백상훈|서은정|조규영|안승호|조수지|조희윤|이경선|이민지|이선미|이영화
채피,1.67772,"167,772",미국,15세이상관람가,"액션,스릴러",닐 블롬캠프,휴 잭맨|샬토 코플리|시고니 위버|데브 파텔
특종: 량첸살인기,1.65767,"165,767",한국,15세이상관람가,스릴러,노덕,조정석|이미숙|이하나|김의성|배성우|김대명|태인호|김수안|김기호|김민재|오주환|이정은|최병모|윤다경
고스트버스터즈,1.65403,"165,403",미국,12세이상관람가,"액션,코미디,SF",폴 페이그,멜리사 맥카시|크리스 헴스워스|크리스틴 위그|케이트 맥키넌|레슬리 존스
사냥,1.62472,"162,472",한국,15세이상관람가,액션,이우철,안성기|조진웅|한예리|권율|손현주|박병은
기술자들,1.56201,"156,201",한국,15세이상관람가,"범죄,액션",김홍선,김우빈|김영철|고창석|이현우|조윤희|임주환|조달환|권지훈|김원진|노선식|박갑진|유원선|윤대원|윤주환|이상민|이수민|채성원|천준호|최현우|최춘범|한지은|지승현
거울나라의 앨리스,1.46759,"146,759",미국,12세이상관람가,"어드벤처,가족,판타지",제임스 보빈,조니 뎁|앤 해서웨이|미아 와시코브스카|헬레나 본햄 카터|사챠 바론 코헨|알란 릭맨|마이클 쉰|앤드류 스캇
스포트라이트,1.465,"146,500",미국,15세이상관람가,"드라마,스릴러",토마스 맥카시,마이클 키튼|마크 러팔로|레이첼 맥아담스
그레이의 50가지 그림자,1.45292,"145,292",미국,청소년관람불가,"드라마,멜로/로맨스",샘 테일러-존슨,제이미 도넌|다코타 존슨|제니퍼 엘|루크 그림즈
조선마술사,1.44951,"144,951",한국,12세이상관람가,드라마,김대승,유승호|고아라|곽도원|조윤희|이경영|박철민|손병호|조달환|서범식|김지민|이재웅|최광락|장유상|임종윤|박충선
해어화,1.44455,"144,455",한국,15세이상관람가,"사극,드라마",박흥식,한효주|유연석|천우희|박성웅|장영남|이한위|류혜영|김수안|차지연|장인섭|박찬미|장희선|박효빈|송동규|송승환|양재준|천영암|이규정|이민준|이서연|이성우|이은주|최혁준
메카닉: 리크루트,1.42121,"142,121","미국,프랑스",15세이상관람가,"액션,범죄,스릴러",데니스 간젤,제이슨 스타뎀|제시카 알바|토미 리 존스|양자경
앵그리버드 더 무비,1.40314,"140,314","미국,핀란드",전체관람가,애니메이션,"퍼갈 레일리,클레이 케이티스",
널 기다리며,1.3918,"139,180",한국,청소년관람불가,스릴러,모홍진,심은경|윤제문|김성오|오태경|정해균|안재홍|김원해|지대한|이호열|장준현|정재숙|정진혁|조제웅|유경훈|이동혁
무뢰한,1.37024,"137,024",한국,청소년관람불가,멜로/로맨스,오승욱,김남길|전도연|박성웅|곽도원|김민재|강태영|박지환|정재웅|조민지|조원희|송승현|오하늬|유지연|하은진|이동진|이학주|정재헌|지승현
순수의 시대,1.30115,"130,115",한국,청소년관람불가,"사극,드라마",안상훈,신하균|장혁|강한나|강하늘|박혜준|정현국|권승구|서지오|권지훈|천준호|최아람|양영조|김경애|오하늬|윤민규|이광기|김민수|이상민|이수민|손병호|박갑진|최무성|기주봉|이재용|문영동|조희봉
소수의견,1.28825,"128,825",한국,15세이상관람가,드라마,김성제,윤계상|유해진|김옥빈|이경영|장광|권해효|손아람|박주형|이은미|이은우|김의성|조복래|김종수|박충선
서부전선,1.2861,"128,610",한국,12세이상관람가,"전쟁,드라마",천성일,설경구|여진구|이경영|정성화|정인기|김원해|김태훈|정석원|한민수|조상원|이찬유|김선영|이은형|이소명|유순철|김동규|오성택|김명환|김민지|김종석|김지영|김태훈|박시연|박아형|박지연|박지원|최호중|김시은|조희봉
아메리칸 스나이퍼,1.2689,"126,890",미국,청소년관람불가,액션,클린트 이스트우드,브래들리 쿠퍼|시에나 밀러
"로봇, 소리",1.26118,"126,118",한국,12세이상관람가,드라마,이호재,이성민|이희준|이하늬|김원해|채수빈|심은경|곽시양|이영진|이무생|남연우|전국환|류준열|박영수|이현석|박정민|박지훈|안광복|유민상|이상우|이승준
클로버필드 10번지,1.25069,"125,069",미국,15세이상관람가,"미스터리,스릴러",댄 트라첸버그,메리 엘리자베스 윈스티드|존 굿맨|존 갤러거 주니어
"협녀, 칼의 기억",1.23013,"123,013",한국,15세이상관람가,"사극,액션",박흥식,이병헌|전도연|김고은|이경영|김태우|이준호|배수빈|문성근|박슬기|장윤성|장은태|강풍|박지훈|고지영|손재영|김수안|김학선
나를 잊지 말아요,1.19068,"119,068",한국,15세이상관람가,멜로/로맨스,이윤정,정우성|김하늘|배성우|장영남|조이진|임주은|허진|이준혁|온주완|권해효|김봉근|윤다경|임태호|박지원|이상훈|이승원|이우주|이은이|최준환
헌츠맨: 윈터스 워,1.18684,"118,684",미국,12세이상관람가,"액션,어드벤처",세딕 니콜라스 트로얀,크리스 헴스워스|샤를리즈 테론|에밀리 블런트|제시카 차스테인
아이스 에이지: 지구 대충돌,1.16487,"116,487",미국,전체관람가,"애니메이션,어드벤처,코미디",마이크 트메이어,존 레귀자모|레이 로마노|제니퍼 로페즈|아담 드바인|제시 타일러 퍼거슨|사이몬 페그|멜리사 로치
계춘할망,1.09713,"109,713",한국,15세이상관람가,"가족,드라마",창,윤여정|김고은|김희원|신은정|최민호|류준열|양익준|박민지|남태부|강경탁|안지혜|이상화|이슬비|이윤혁
에베레스트,1.0724,"107,240","미국,영국",12세이상관람가,"어드벤처,드라마,스릴러",발타자르 코루마쿠르,제이슨 클락|조슈 브롤린|키이라 나이틀리|샘 워싱턴|제이크 질렌할
오피스,1.06238,"106,238",한국,15세이상관람가,"스릴러,미스터리",홍원찬,고아성|박성웅|배성우|김의성|류현경|이채은|오대환|박정민|이정환|최철수|안지혜|이성진|이영수|최병모|기주봉
인터스텔라,1.0528,"105,280","미국,영국",12세이상관람가,SF,크리스토퍼 놀란,매튜 매커너히|앤 해서웨이|마이클 케인|제시카 차스테인|케이시 애플렉
버드맨,1.04827,"104,827",미국,청소년관람불가,"코미디,드라마",알레한드로 곤잘레스 이냐리투,마이클 키튼|에드워드 노튼|엠마 스톤|나오미 왓츠
호빗: 다섯 군대 전투,1.04765,"104,765","미국,뉴질랜드",12세이상관람가,"어드벤처,판타지",피터 잭슨,마틴 프리먼|이안 맥켈런|리차드 아미티지|케이트 블란쳇|올랜도 블룸|크리스토퍼 리|휴고 위빙|에반젤린 릴리
판타스틱 4,1.03173,"103,173",미국,12세이상관람가,"액션,판타지,SF",조쉬 트랭크,마일즈 텔러|케이트 마라|제이미 벨|마이클 B. 조던
헬머니,1.02481,"102,481",한국,청소년관람불가,코미디,신한솔,김수미|정만식|김정태|이태란|홍성덕|박승찬|이형빈|강경탁|임재수|박은영|박지영|박혜진|정진혁|채승훈|선현철|손재영|김달선|유병선|유용욱|윤수진|이강철|이규섭|김홍파|한진원|이성민|이승준|이영은|이영은|이은미|김지훈|김원해|이승천|박준금|정혜선|김영옥|길해연|지대한|조영진|장원영|권병길|박충선
스파이 브릿지,0.95232,"95,232",미국,12세이상관람가,"스릴러,드라마",스티븐 스필버그,톰 행크스|마크 라이런스|오스틴 스토웰
명탐정 코난: 순흑의 악몽,0.95014,"95,014",일본,12세이상관람가,"애니메이션,미스터리,어드벤처","시즈노 코분,야마모토 야스이치로",
위험한 상견례 2,0.9394,"93,940",한국,15세이상관람가,"멜로/로맨스,코미디",김진영,진세연|홍종현|신정근|임수연|정명호|박진수|박태규|조영란|조용재|오재호|유성진|이동민|이상현|이상협|이석현|차종호|이철민|김선영|신대섭|박은혜
극적인 하룻밤,0.92831,"92,831",한국,청소년관람불가,"멜로/로맨스,코미디",하기호,윤계상|한예리|박효주|조복래|박병은|정수영|조영균|하정완|한정국|김수정|한지은|이지훈|정수연|김재화|박현지|진선규|김의성
하늘을 걷는 남자,0.92428,"92,428",미국,12세이상관람가,드라마,로버트 저메키스,조셉 고든 레빗|벤 킹슬리|샬롯 르 본
도리화가,0.91714,"91,714",한국,12세이상관람가,"사극,드라마",이종필,류승룡|배수지|송새벽|김남길|이동휘|안재홍|김태훈|조정숙|황태양|권유진|김은지|김은지|김정곤|박선|박솔지|박윤호|이광호|이상우|이유나|이윤정|이준|이지은|이혜진|진선규
경성학교: 사라진 소녀들,0.90343,"90,343",한국,15세이상관람가,"미스터리,드라마",이해영,박보영|엄지원|박소담|공예지|주보비|박성연|심희섭|고원희|박주희|이혜리|박지선|조원철|최영근|최지명|신수연|김경애|김대성|김대호|오현정|김동현|이다희|황석영|이연정|이예은|이은경|윤정미|서미지
주피터 어센딩,0.89787,"89,787",미국,12세이상관람가,"SF,액션,어드벤처","라나 워쇼스키,앤디 워쇼스키",밀라 쿠니스|채닝 테이텀|숀 빈|테리 길리엄|배두나
도라에몽 : 스탠 바이 미,0.89141,"89,141",일본,전체관람가,애니메이션,"야마자키 타카시,야기 류이치",미즈타 와사비|오오하라 메구미
언더 워터,0.8712,"87,120",미국,15세이상관람가,"공포(호러),스릴러",자움 콜렛 세라,블레이크 라이블리|오스카 제나다
구스범스,0.85003,"85,003",미국,12세이상관람가,"액션,어드벤처,코미디",롭 레터맨,잭 블랙|딜런 미네트|오데야 러쉬|할스톤 세이지
패딩턴,0.845,"84,500","영국,프랑스,캐나다",전체관람가,"코미디,가족,어드벤처",폴 킹,니콜 키드먼|벤 위쇼|휴 보네빌|샐리 호킨스
뽀로로 극장판 컴퓨터 왕국 대모험,0.84344,"84,344",한국,전체관람가,애니메이션,박영균,이선|이미자|함수정|홍소영|정미숙|김서영|김환진|엄상현|홍범기
홈,0.83414,"83,414",미국,전체관람가,"애니메이션,어드벤처,판타지",팀 존슨,짐 파슨스|리한나|제니퍼 로페즈|스티브 마틴
독수리 에디,0.83131,"83,131",미국,12세이상관람가,드라마,덱스터 플레처,태런 에저튼|휴 잭맨
투모로우랜드,0.83016,"83,016",미국,12세이상관람가,"액션,어드벤처,미스터리,SF",브래드 버드,조지 클루니|휴 로리|브릿 로버트슨
극장판 요괴워치: 탄생의 비밀이다냥!,0.82667,"82,667",일본,전체관람가,애니메이션,"타카하시 시게하루,우시로 신지",
인서전트,0.81699,"81,699",미국,15세이상관람가,"SF,액션",로베르트 슈벤트케,쉐일린 우들리|테오 제임스|케이트 윈슬렛|나오미 왓츠|매기 큐|안셀 엘고트|마일즈 텔러|대니얼 대 킴
명탐정 코난 : 화염의 해바라기,0.81013,"81,013",일본,전체관람가,애니메이션,시즈노 코분,타카야마 미나미|야마자키 와카나|코야마 리키야|야마구치 캇페이
포인트 브레이크,0.803,"80,300",미국,15세이상관람가,"범죄,액션",에릭슨 코어,루크 브레이시|에드가 라미레즈|테레사 팔머
내 심장을 쏴라,0.79237,"79,237",한국,15세이상관람가,드라마,문제용,이민기|여진구|유오성|김정태|김기천|신구|송영창|박충선|박두식|한혜린|이준혁|임문영|강영묵|정유정|권소영|이규섭|김재화|엄효섭|김보라
더 셰프,0.7804,"78,040",미국,15세이상관람가,드라마,존 웰스,브래들리 쿠퍼|시에나 밀러|오마 사이|다니엘 브륄|엠마 톰슨|우마 서먼
런 올 나이트,0.76106,"76,106",미국,청소년관람불가,"액션,스릴러",자움 콜렛 세라,리암 니슨|조엘 킨나만|에드 해리스|커먼|제네시스 로드리게스
언브로큰,0.75489,"75,489",미국,15세이상관람가,"액션,드라마,전쟁",안젤리나 졸리,잭 오코넬|돔놀 글리슨|가렛 헤드룬드|핀 위트록
조이,0.74677,"74,677",미국,12세이상관람가,"코미디,드라마",데이빗 O. 러셀,제니퍼 로렌스|브래들리 쿠퍼|로버트 드니로
백 투 더 비기닝,0.74127,"74,127",미국,15세이상관람가,"SF,스릴러",딘 이스라엘리트,조니 웨스턴|소피아 블랙 디엘리아|샘 러너|앨런 에반젤리스타|버지니아 가드너
19곰 테드 2,0.72311,"72,311",미국,청소년관람불가,코미디,세스 맥팔레인,마크 월버그|세스 맥팔레인|아만다 사이프리드|모건 프리먼|리암 니슨
남과 여,0.72223,"72,223",한국,청소년관람불가,멜로/로맨스,이윤기,전도연|공유|이미소|정선경|윤세아|김혜옥|박민지|전준호|오정완|조희|윤신혜|이보영|이상희
치외법권,0.72126,"72,126",한국,15세이상관람가,액션,신동엽,임창정|최다니엘|임은경|장광|이경영|문제영|정한비|박영진|임정아|박일우|정형석|조원재|서동수|서진원|이응준|안현준|최병모|방은희
괴물의 아이,0.7053,"70,530",일본,12세이상관람가,"애니메이션,판타지,어드벤처",호소다 마모루,야쿠쇼 코지|미야자키 아오이|소메타니 쇼타|히로세 스즈
비밀은 없다,0.68878,"68,878",한국,청소년관람불가,스릴러,이경미,손예진|김주혁|장재우|장한승|신지훈|이민아|이상희
순정,0.68658,"68,658",한국,12세이상관람가,드라마,이은희,도경수|김소현|연준석|이다윗|주다영|박용우|박해준|김지호|이범수|이대연|황석정|박정민|김권|오유진|박충선|조우람|최민석
위대한 소원,0.67565,"67,565",한국,15세이상관람가,"코미디,드라마",남대중,류덕환|김동영|안재홍|전노민|전미선|장원식|양정인|조우진|우지원|유정래|윤도영|이상민|이소정|이소정|이원희|한기업|한민석|황슬빛나|황용
스폰지밥 3D,0.65131,"65,131",미국,전체관람가,"애니메이션,어드벤처,코미디",폴 티비트,안토니오 반데라스|클랜시 브라운|톰 케니|전태열|이인성|최한
닌자터틀 : 어둠의 히어로,0.64425,"64,425",미국,12세이상관람가,"액션,어드벤처",데이브 그린,메간 폭스|스티븐 아멜|로라 린니
러브 라이브! 더 스쿨 아이돌 무비,0.63521,"63,521",일본,전체관람가,애니메이션,쿄고쿠 타카히코,토쿠이 소라|파일|쿠보 유리카|이이다 리호|쿠스다 아이나|난죠 요시노|미모리 스즈코|우치다 아야|닛타 에미
스누피: 더 피너츠 무비,0.629,"62,900",미국,전체관람가,"애니메이션,어드벤처,코미디",스티브 마티노,
앨빈과 슈퍼밴드: 악동 어드벤처,0.61565,"61,565",미국,전체관람가,"애니메이션,어드벤처,코미디",월트 벡커,저스틴 롱|제이슨 리|매튜 그레이 거블러|제시 맥카트니
레전드,0.61257,"61,257","프랑스,영국",청소년관람불가,"액션,범죄,드라마",브라이언 헬겔랜드,톰 하디|태런 에저튼|에밀리 브라우닝
킹 오브 프리즘,0.5925,"59,250",일본,12세이상관람가,"애니메이션,드라마,판타지",히시다 마사카즈,
아메리칸 울트라,0.56452,"56,452",미국,청소년관람불가,"액션,코미디",니마 누리자데,제시 아이젠버그|크리스틴 스튜어트|코니 브리튼|토퍼 그레이스|월튼 고긴스|존 레귀자모
극장판 요괴워치: 염라대왕과 5개의 이야기다냥!,0.56343,"56,343",일본,전체관람가,애니메이션,타카하시 시게하루,토마츠 하루카|유키 아오이|세키 토모카즈|코자쿠라 에츠코
부활,0.56264,"56,264",미국,12세이상관람가,드라마,케빈 레이놀즈,조셉 파인즈|톰 펠튼
포켓몬 더 무비 XY 후파: 광륜의 초마신,0.55992,"55,992",일본,전체관람가,"애니메이션,어드벤처,판타지",유야마 쿠니히코,
팬,0.54081,"54,081",미국,전체관람가,"판타지,어드벤처",조 라이트,휴 잭맨|가렛 헤드룬드|루니 마라|리바이 밀러|아만다 사이프리드
다이노 타임,0.54016,"54,016","한국,미국",전체관람가,"애니메이션,어드벤처,코미디","최윤석,존 카프카",멜라니 그리피스|제인 린치|윌리엄 볼드윈|스티븐 볼드윈|롭 슈나이더|유리 로웬탈
기생수 파트1,0.52508,"52,508",일본,청소년관람불가,"스릴러,SF",야마자키 타카시,소메타니 쇼타|후카츠 에리|하시모토 아이|키타무라 카즈키|아사노 타다노부
극장판 포켓몬스터 XY : 파괴의 포켓몬과 디안시,0.52427,"52,427",일본,전체관람가,애니메이션,유야마 쿠니히코,
함정,0.50751,"50,751",한국,청소년관람불가,"스릴러,범죄",권형진,마동석|조한선|김민경|지안|이정원|최선주|하태웅
워킹걸,0.49874,"49,874",한국,청소년관람불가,"코미디,멜로/로맨스",정범식,조여정|클라라|김태우|배유람|정범식|정범식|박주희|백경인|조은영|손진우|배성우|유찬호|김세미|라미란|김승주|이민아|황준호|이승원|이시현|박상민|조재윤|김영옥|김보연|오나라
노아의 방주: 남겨진 녀석들,0.48883,"48,883","독일,벨기에,룩셈부르크,아일랜드",전체관람가,애니메이션,토비 젠켈,김하영|배진홍|윤세웅
명탐정 코난 : 코난 실종사건 - 사상 최악의 이틀,0.48679,"48,679",일본,12세이상관람가,"애니메이션,어드벤처,스릴러",야마모토 야스이치로,
연애의 맛,0.48083,"48,083",한국,청소년관람불가,"멜로/로맨스,코미디",김아론,오지호|최령|강예원|이종호|이혜란|박지환|정우일|정현진|유예원|이동진|형윤석|이승준|이은지|이은지|김중희|이은지|이은지|오민석
극장판 안녕 자두야,0.47668,"47,668",한국,전체관람가,애니메이션,손석우,여민정|양정화|이수진
은밀한 유혹,0.46617,"46,617",한국,15세이상관람가,"멜로/로맨스,범죄",윤재구,임수정|유연석|이경영|박철민|진경|도희|조희성|최민우|이광수|홍정표|민혜경|이동훈|곽민호
언프렌디드: 친구삭제,0.45447,"45,447",미국,15세이상관람가,"공포(호러),스릴러",레오 가브리아제,샐리 헤닝|모세 제이콥 스톰|윌 펠츠|헤더 소서맨
대배우,0.44724,"44,724",한국,12세이상관람가,코미디,석민우,오달수|윤제문|이경영|진경|강신일|유지태|김명민|김새론|이준익|최병모|최희진|권용덕|박지환|임태훈|임호|정성호|신동필|이영미|한대룡
미스컨덕트,0.44577,"44,577",미국,15세이상관람가,"범죄,스릴러",시모사와 신타로,알 파치노|안소니 홉킨스|조쉬 더하멜|이병헌
워터 디바이너,0.42375,"42,375","미국,호주,터키",15세이상관람가,"드라마,전쟁",러셀 크로우,러셀 크로우|올가 쿠릴렌코|제이 코트니
존 윅,0.41631,"41,631",미국,청소년관람불가,"액션,스릴러","데이빗 레이치,채드 스타헬스키",키아누 리브스|애드리앤 팰리키|윌렘 데포
나의 절친 악당들,0.41604,"41,604",한국,청소년관람불가,"범죄,액션,드라마",임상수,류승범|고준희|류현경|샘 오취리|김응수|정원중|양익준|김주혁|이정배|임상수|정인호|최보람|안상완|윤여정|이래규|한효준|홍성훈|이상미|홍의정|이상화|김태영|김형규
맨 프롬 UNCLE,0.41417,"41,417",미국,12세이상관람가,"액션,어드벤처,코미디",가이 리치,헨리 카빌|아미 해머|알리시아 비칸데르|엘리자베스 데비키|휴 그랜트
트랜스포터: 리퓰드,0.41198,"41,198","프랑스,중국",15세이상관람가,"액션,범죄,스릴러",카밀 들라마레,에드 스크레인|론 샤바놀
13시간,0.40742,"40,742",미국,15세이상관람가,"액션,드라마,스릴러",마이클 베이,존 크랜신스키|파블로 쉬레이버|토비 스티븐스
엑스 마키나,0.38834,"38,834",미국,청소년관람불가,"SF,스릴러",알렉스 가랜드,돔놀 글리슨|알리시아 비칸데르|오스카 아이삭
사우스포,0.37453,"37,453",미국,15세이상관람가,"드라마,액션",안톤 후쿠아,제이크 질렌할|레이첼 맥아담스|포레스트 휘테커|나오미 해리스
모데카이,0.36209,"36,209",미국,15세이상관람가,"액션,코미디",데이빗 코엡,조니 뎁|기네스 팰트로우|이완 맥그리거
셀프/리스,0.35675,"35,675",미국,15세이상관람가,"SF,액션,스릴러",타셈 싱,라이언 레놀즈|벤 킹슬리|매튜 구드
상의원,0.35338,"35,338",한국,15세이상관람가,"사극,드라마",이원석,한석규|고수|박신혜|유연석|김수웅|김주훈|김지현|김현정|박병은|박소담|배성우|한지은|김재화|이유비|최희진|신소율|김종언
라스트 위치 헌터,0.35242,"35,242",미국,15세이상관람가,"액션,어드벤처,판타지",브렉 에이즈너,빈 디젤|일라이저 우드|로즈 레슬리|마이클 케인
브루클린,0.35093,"35,093",미국,12세이상관람가,"드라마,멜로/로맨스",존 크로울리,시얼샤 로넌|돔놀 글리슨
짱구는 못말려 극장판: 나의 이사 이야기 선인장 대습격,0.34932,"34,932",일본,전체관람가,애니메이션,하시모토 마사카즈,
노트북,0.34401,"34,401",미국,"15세관람가,15세이상관람가",멜로/로맨스,닉 카사베츠,레이첼 맥아덤즈|라이언 고슬링
마이 리틀 자이언트,0.34343,"34,343","영국,캐나다,미국",전체관람가,"어드벤처,가족,판타지",스티븐 스필버그,마크 라이런스|레베카 홀|빌 헤이더|제메인 클레멘트|매트 프류어|라프 스팰|아담 가들리|헤이그 수더랜드|마이클 아담스웨이트
다이버전트 시리즈: 얼리전트,0.34203,"34,203",미국,12세이상관람가,"액션,어드벤처,SF",로베르트 슈벤트케,쉐일린 우들리|테오 제임스|마일즈 텔러|나오미 왓츠|매기 큐
달빛궁궐,0.33313,"33,313",한국,전체관람가,"애니메이션,판타지,어드벤처",김현주,김서영|이하늬|권율|김슬기|신용우|이장원|시영준|이상범|이현|강시현|문유정|정주원|신경선|이유리
일사각오,0.32943,"32,943",한국,12세이상관람가,드라마,권혁만,이지형|설지윤|서광재
스티브 잡스,0.32831,"32,831",미국,12세이상관람가,드라마,대니 보일,마이클 패스벤더|케이트 윈슬렛|세스 로건
혼숨,0.31893,"31,893",한국,15세이상관람가,공포(호러),이두환,류덕환|조복래
더 건맨,0.30063,"30,063","프랑스,스페인,영국",청소년관람불가,"액션,스릴러",피에르 모렐,숀 펜|하비에르 바르뎀|이드리스 엘바|레이 윈스톤|마크 라이런스
바스티유 데이,0.29459,"29,459","미국,프랑스",15세이상관람가,액션,제임스 왓킨스,이드리스 엘바|리처드 매든|샬롯 르 본|호세 가르시아|켈리 라일리
피치 퍼펙트: 언프리티 걸즈,0.29268,"29,268",미국,15세이상관람가,"코미디,뮤지컬",엘리자베스 뱅크스,안나 켄드릭|헤일리 스테인펠드|레벨 윌슨
퇴마: 무녀굴,0.29025,"29,025",한국,15세이상관람가,"공포(호러),스릴러",김휘,김성균|유선|천호진|차예련|김혜성|박수민|박시영|임화영|유성훈|윤지민|이상희|이승희|신나리
최강전사 미니특공대 : 새로운 악당의 습격,0.28912,"28,912",한국,전체관람가,애니메이션,이영준,엄상현|전태열|신용우
극장판 아이엠스타 : 꿈의 오디션!,0.28668,"28,668",일본,전체관람가,애니메이션,키무라 류이치,정혜원|이용신|소연|이선|신용우
더 이퀄라이저,0.28526,"28,526",미국,청소년관람불가,"액션,범죄,스릴러",안톤 후쿠아,덴젤 워싱턴|클로이 모레츠|마튼 초카스
다크 플레이스,0.28454,"28,454","미국,영국,프랑스",청소년관람불가,"드라마,미스터리,스릴러",질스 파겟-브레너,샤를리즈 테론|니콜라스 홀트|클로이 모레츠
포커스,0.28313,"28,313",미국,15세이상관람가,"코미디,범죄,멜로/로맨스","글렌 피카라,존 레쿼",윌 스미스|마고 로비|로드리고 산토로|제랄드 맥라니
극장판 꼬마버스 타요의 에이스 구출작전,0.27608,"27,608",한국,전체관람가,애니메이션,류정우,
오 마이 그랜파,0.2723,"27,230",미국,청소년관람불가,코미디,댄 마저,로버트 드니로|잭 에프런
스트레이트 아웃 오브 컴턴,0.27135,"27,135",미국,청소년관람불가,드라마,F. 게리 그레이,오셔 잭슨 주니어|코리 호킨스|제이슨 미첼|닐 브라운 주니어|알디스 호지|폴 지아마티
7번째 아들,0.25546,"25,546","미국,영국,캐나다",12세이상관람가,"어드벤처,가족,판타지",세르게이 보드로프,제프 브리지스|줄리안 무어|벤 반스
제 5침공,0.25028,"25,028",미국,12세이상관람가,"액션,어드벤처,SF",J 블레이크슨,클로이 모레츠|닉 로빈슨|알렉스 로
빅뱅 메이드,0.24994,"24,994",한국,12세이상관람가,다큐멘터리,변진호,G-드래곤|태양|최승현|대성|승리
어카운턴트,0.24813,"24,813",미국,15세이상관람가,"액션,스릴러",개빈 오코너,벤 애플렉|안나 켄드릭|J.K. 시몬스|존 번탈
돌연변이,0.24547,"24,547",한국,12세이상관람가,"드라마,코미디",권오광,이광수|이천희|박보영|장광|이병준|김희원|강봉성|권오광|추민철|장원석|우문기|김수정|김태환|박성일|박시영|박준수|박지연
이퀄스,0.23942,"23,942",미국,15세이상관람가,"드라마,SF",드레이크 도리머스,니콜라스 홀트|크리스틴 스튜어트
피터와 드래곤,0.23368,"23,368",미국,전체관람가,"어드벤처,가족,판타지",데이빗 로워리,브라이스 달라스 하워드|오크스 페글리|웨스 벤틀리|칼 어번|로버트 레드포드|크레이그 홀|이시아 휘틀록 주니어
걷기왕,0.23238,"23,238",한국,12세이상관람가,드라마,백승화,심은경|박주희|김새벽|허정도|윤지원|안승균|김광규|김정영|이재진|이준용|박민준|장현진|방범석|정규환|오은비|조주형|이규진|이동혁|이수아|최봉석|최효주|황수진
최강전사 미니특공대: 영웅의 탄생,0.23184,"23,184",한국,전체관람가,애니메이션,이영준,엄상현|양정화|전태열
파더 앤 도터,0.23003,"23,003","미국,이탈리아",15세이상관람가,드라마,가브리엘 무치노,아만다 사이프리드|러셀 크로우|아론 폴
크림슨 피크,0.2278,"22,780",미국,청소년관람불가,"판타지,스릴러",길예르모 델 토로,톰 히들스턴|제시카 차스테인|미아 와시코브스카|찰리 헌냄
짱구는 못말려 극장판 : 정면승부! 로봇아빠의 역습,0.22562,"22,562",일본,전체관람가,"애니메이션,코미디,어드벤처",타카하시 와타루,
쓰리 썸머 나잇,0.22302,"22,302",한국,청소년관람불가,코미디,김상진,김동욱|임원희|손호준|윤제문|류현경|심은진|이채영|전은진|정승민|박현수|홍광석|김승필|이신범
무서운 이야기 3 : 화성에서 온 소녀,0.2193,"21,930",한국,15세이상관람가,공포(호러),"백승빈,김선,김곡,민규동",임슬옹|경수진|박정민|홍은희|차지연|김수안|정용진
에스엠타운 더 스테이지,0.21777,"21,777",한국,전체관람가,다큐멘터리,배성상,
나를 미치게 하는 여자,0.21073,"21,073",미국,청소년관람불가,"코미디,멜로/로맨스",주드 아패토우,에이미 슈머|빌 헤이더
기생수 파트2,0.20936,"20,936",일본,청소년관람불가,"SF,스릴러",야마자키 타카시,소메타니 쇼타|아베 사다오|후카츠 에리|하시모토 아이
극장판 도라에몽 : 진구의 우주영웅기~스페이스 히어로즈~,0.20865,"20,865",일본,전체관람가,"애니메이션,SF,어드벤처",오오스기 요시히로,미즈타 와사비|오오하라 메구미|심형탁
위아 유어 프렌즈,0.20402,"20,402","미국,영국,프랑스",청소년관람불가,"드라마,멜로/로맨스",맥스 조셉,잭 에프런|에밀리 라타이코프스키
피케이: 별에서 온 얼간이,0.20263,"20,263",인도,15세이상관람가,"코미디,드라마",라즈쿠마르 히라니,아미르 칸|아누쉬카 샤르마
하드코어 헨리,0.19705,"19,705","미국,러시아",청소년관람불가,"액션,어드벤처,SF",일리야 나이슐러,샬토 코플리|해일리 베넷|팀 로스
냉정과 열정사이,0.19558,"19,558",일본,15세관람가,"멜로/로맨스,드라마",나카에 이사무,다케노우치 유타카|진혜림
갤로우즈,0.19466,"19,466",미국,15세이상관람가,공포(호러),"트래비스 클러프,크리스 로핑",캐시디 지포드|파이퍼 브라운|리즈 미슬러|라이언 슈스|트래비스 클러프
엽기적인 그녀 2,0.18833,"18,833",한국,15세이상관람가,"멜로/로맨스,코미디",조근식,차태현|빅토리아|후지이 미나|배성우|최진호|송옥숙|박재민|장봉영|정수련|정종준|양원석|조예경|윤서영|이상진|이성국|이은경
극장판 파워레인저 트레인포스 VS 다이노포스 THE MOVIE,0.18423,"18,423",일본,전체관람가,"액션,SF",와타나베 카츠야,시손 쥰|세키네 츠토무
위자,0.18069,"18,069",미국,15세이상관람가,"미스터리,공포(호러)",스틸즈 화이트,올리비아 쿡|더글라스 스미스
보루토 - 나루토 더 무비,0.17784,"17,784",일본,12세이상관람가,애니메이션,야마시타 히로유키,산페이 유코|키쿠치 코코로|타케우치 준코|스기야마 노리아키|키지마 류이치|아베 아츠시|Kensho Ono|하야미 사오리
히트맨: 에이전트 47,0.1764,"17,640",미국,15세이상관람가,"액션,범죄,스릴러",알렉산더 바흐,루퍼트 프렌드|재커리 퀸토|한나 웨어
머니 몬스터,0.17533,"17,533",미국,15세이상관람가,"스릴러,범죄,드라마",조디 포스터,조지 클루니|줄리아 로버츠|잭 오코넬
올레,0.17318,"17,318",한국,15세이상관람가,"드라마,코미디",채두병,신하균|박희순|오만석|유다인
걸즈 앤 판처 극장판,0.17251,"17,251",일본,12세이상관람가,애니메이션,미즈시마 츠토무,
아델라인 : 멈춰진 시간,0.1673,"16,730",미국,12세이상관람가,"판타지,멜로/로맨스",리 톨랜드 크리거,블레이크 라이블리|미치엘 휘즈먼|캐시 베이커
서프러제트,0.16506,"16,506",미국,12세이상관람가,드라마,사라 가브론,캐리 멀리건|헬레나 본햄 카터|메릴 스트립|벤 위쇼
트리플 9,0.16407,"16,407",미국,청소년관람불가,"범죄,스릴러",존 힐코트,치웨텔 에지오포|케이트 윈슬렛|안소니 마키|우디 해럴슨|케이시 애플렉|노먼 리더스|아론 폴
더 비지트,0.15652,"15,652",미국,15세이상관람가,"스릴러,공포(호러)",M. 나이트 샤말란,디애너 듀나건|피터 맥로비|에드 옥슨볼드|올리비아 데종
33,0.1558,"15,580","미국,칠레",12세이상관람가,드라마,패트리시아 리건,안토니오 반데라스|로드리고 산토로|줄리엣 비노쉬
나의 그리스식 웨딩 2,0.15488,"15,488",미국,15세이상관람가,코미디,커크 존스,니아 발다로스|존 코베트|엘레나 캠푸리스
그물,0.15281,"15,281",한국,15세이상관람가,드라마,김기덕,류승범|이원근|김영민|최귀화|박준형|정지은|안지혜|이상진|이상현|이승현|이은우
파라노말 액티비티: 더 고스트 디멘션,0.15254,"15,254",미국,15세이상관람가,"미스터리,공포(호러)",그레고리 플로킨,크리스 J. 머레이|브릿 쇼|아이비 조지
드래곤 블레이드,0.14534,"14,534",중국,15세이상관람가,"액션,어드벤처",이인항,성룡|존 쿠삭|애드리언 브로디|시원
미안해 사랑해 고마워,0.14482,"14,482",한국,15세이상관람가,드라마,전윤수,지진희|김성균|성유리|김영철|이계인|곽지혜|서강준|강민지|강민호|장홍준|김상훈|김선경|이재구|이유하|이성훈|유예지|김대영|김동철|오예슬|김수연|김용진|김원진|김윤영|김지수|김필수|나현|박상민|박재영|박지연|박현수|유혜인|김재화|정은표
번개맨,0.13839,"13,839",한국,전체관람가,"판타지,가족",조근현,정현진|루나
약장수,0.13695,"13,695",한국,15세이상관람가,드라마,조치언,김인권|박철민|이주실|임석진|강일수|박지윤|박혜진|최민혁|윤준혁|이은주|김형범|장소연|조민기
아이엠스타 뮤직어워드,0.13395,"13,395",일본,전체관람가,애니메이션,와타다 신야,김새해|김영은|정유미|정혜원|소연
이스케이프,0.13395,"13,395",미국,15세이상관람가,"액션,스릴러",존 에릭 도들,오웬 윌슨|피어스 브로스넌|레이크 벨
주온: 더 파이널,0.13195,"13,195",일본,15세이상관람가,공포(호러),오치아이 마사유키,타이라 아이리|키리야마 렌|사사키 노조미
극장판 프랭키와 친구들: 생명의 나무,0.1307,"13,070",한국,전체관람가,애니메이션,박정오,박정오|이소은
비밀,0.12167,"12,167",한국,15세이상관람가,"미스터리,드라마","박은경,이동하",성동일|김유정|손호준|임형준|서예지|진경|김동현|김동현|김요한|김우희|김원준|김은정|송호연|박세은|박재영|남일우
스푹스:MI5,0.11837,"11,837",영국,15세이상관람가,"액션,드라마,스릴러",바랫 낼러리,킷 해링턴|피터 퍼스
잡아야 산다,0.11806,"11,806",한국,15세이상관람가,"코미디,액션",오인천,김승우|김정태|한상혁|신강우|김민규|문용석|오만석|최호중|이해준|조창근|윤다영|서범식|이한위|안길강|장현기|장훈남|박혜미|정구영|서경배|정인혜|손지훈|정혜연|조권수|강현우|윤진영|이동진|이민경|이상헌|이선미|이승연
비포 선셋,0.11626,"11,626",미국,"15세관람가,15세이상관람가",드라마,리차드 링클레이터,줄리 델피|에단 호크
숲속으로,0.11246,"11,246",미국,전체관람가,뮤지컬,롭 마샬,메릴 스트립|조니 뎁|에밀리 블런트|제임스 코든|안나 켄드릭|크리스 파인
하이 스피드! ?프리! 스타팅 데이즈-,0.10627,"10,627",일본,전체관람가,"애니메이션,드라마",타케모토 야스히로,시마자키 노부나가|스즈키 타츠히사|토요나가 토시유키|우치야마 코우키
트릭,0.10462,"10,462",한국,15세이상관람가,"스릴러,드라마",이창열,이정진|강예원|김태훈|선동혁|이희진|장윤정|박정환|조호성|주민구|이상철|이수진|한성식|홍장현
칠드런 오브 맨,0.10249,"10,249","영국,미국",15세이상관람가,"SF,액션,스릴러",알폰소 쿠아론,클라이브 오웬|줄리안 무어
키즈모노가타리 I : 철혈편,0.10213,"10,213",일본,15세이상관람가,"애니메이션,드라마,판타지,액션",신보 아키유키,카미야 히로시|사카모토 마아야|호리에 유이|사쿠라이 타카히로
극장판 유희왕 더 다크 사이드 오브 디멘션즈,0.10116,"10,116",일본,전체관람가,애니메이션,쿠와바라 사토시,엄상현|장성호|강수진
나이스 가이즈,0.10067,"10,067",미국,청소년관람불가,"범죄,미스터리,스릴러",쉐인 블랙,러셀 크로우|라이언 고슬링|맷 보머|킴 베신저|레이첼 브룩 스미스
잔예 - 살아서는 안되는 방,0.09806,"9,806",일본,15세이상관람가,"공포(호러),미스터리",나카무라 요시히로,다케우치 유코|하시모토 아이
"무현, 두 도시 이야기",0.09582,"9,582",한국,15세이상관람가,다큐멘터리,전인환,김원명|노무현
유아 낫 유,0.09322,"9,322",미국,15세이상관람가,드라마,조지 C. 울프,힐러리 스웽크|에미 로섬|조쉬 더하멜
차일드 44,0.09219,"9,219",미국,청소년관람불가,스릴러,다니엘 에스피노사,톰 하디|게리 올드만|조엘 킨나만|누미 라파스|뱅상 카셀
해리포터와 죽음의 성물2,0.09127,"9,127",미국,전체관람가,"판타지,미스터리",데이빗 예이츠,다니엘 래드클리프|엠마 왓슨|루퍼트 그린트
대결,0.09098,"9,098",한국,15세이상관람가,액션,신동엽,이주승|오지호|이정진|신정근|손은서
라자루스,0.0909,"9,090",미국,15세이상관람가,공포(호러),데이빗 겔브,올리비아 와일드|에반 피터스|마크 듀플라스
일곱난쟁이,0.09013,"9,013",독일,전체관람가,"애니메이션,어드벤처,가족",헤랄드 지페르만,
어바웃 리키,0.08989,"8,989",미국,15세이상관람가,드라마,조나단 드미,메릴 스트립|케빈 클라인|마미 검머|릭 스프링필드|세바스찬 스탠
포켓몬 레인저와 바다의 왕자 마나피,0.08948,"8,948",일본,전체관람가,"애니메이션,어드벤처",유야마 쿠니히코,오오타니 이쿠에|쉬라토리 유리
진격의 거인: 홍련의 화살,0.08797,"8,797",일본,15세이상관람가,"애니메이션,판타지",아라키 테츠로,
백설공주 : 사라진 아빠를 찾아서,0.08438,"8,438",중국,전체관람가,"애니메이션,가족",벤 차오,이제인|사문영|박상훈
아더와 미니모이 3: 두 세계의 전쟁,0.0833,"8,330",프랑스,전체관람가,애니메이션,뤽 베송,프레디 하이모어|미아 패로우|페니 밸포어
포레스트: 죽음의 숲,0.08286,"8,286",미국,12세이상관람가,공포(호러),제이슨 자다,나탈리 도메르|테일러 키니|이오인 맥큰
오픈 윈도우즈,0.08224,"8,224","미국,스페인",청소년관람불가,"스릴러,액션,범죄",나초 비갈론도,일라이저 우드|사샤 그레이
극장판 프리파라 모두 모여라! 프리즘☆투어즈,0.08165,"8,165",한국,전체관람가,애니메이션,히시다 마사카즈,
미라클 프롬 헤븐,0.08027,"8,027",미국,전체관람가,드라마,패트리시아 리건,제니퍼 가너|마틴 헨더슨|카일리 로저스
인천상륙작전 : 익스텐디드 에디션(확장판),0.0796,"7,960",한국,15세이상관람가,"전쟁,드라마",이재한,이정재|이범수|리암 니슨|진세연|정준호|박철민|김병옥|김선아|김영애|박성웅|추성훈
아가씨(확장판),0.07789,"7,789",한국,청소년관람불가,"스릴러,드라마",박찬욱,김민희|김태리|하정우|조진웅|김해숙|문소리|최병모|김인우|이용녀|조은형
레전드 오브 래빗: 불의 전설,0.07684,"7,684",중국,전체관람가,"애니메이션,액션,어드벤처","마원,동대가",이재범|문유정|이명희
시크릿 인 데어 아이즈,0.07609,"7,609",미국,15세이상관람가,"미스터리,스릴러",빌리 레이,치웨텔 에지오포|니콜 키드먼|줄리아 로버츠
아이 인 더 스카이,0.07312,"7,312",영국,12세이상관람가,"전쟁,스릴러",개빈 후드,헬렌 미렌|아론 폴|알란 릭맨|제레미 노담|이아인 글렌
트레이서,0.07303,"7,303",미국,15세이상관람가,액션,다니엘 벤마요,테일러 로트너|마리 아브게로폴로스
드래곤볼 Z : 부활의 F,0.07285,"7,285",일본,전체관람가,"애니메이션,액션,어드벤처",야마무로 타다요시,김환진|최한|최문자
빽 투더 퓨쳐 2,0.07062,"7,062",미국,"12세이상관람가,중학생이상관람가","SF,액션,어드벤처,코미디",로버트 저메키스,마이클 J. 폭스|크리스토퍼 로이드
히야,0.07007,"7,007",한국,12세이상관람가,드라마,김지연,안보현|호야|박철민|강성미|강민아|최대철|정경호|기주봉|서정우|지청룡|이남희|이승재|이승준|이요한|이우탁
본 얼티메이텀,0.06982,"6,982",미국,12세이상관람가,"액션,스릴러,미스터리,어드벤처",폴 그린그래스,맷 데이먼|줄리아 스타일즈
개구리왕국,0.06772,"6,772",중국,전체관람가,"애니메이션,어드벤처",넬슨 신,
춘몽,0.06679,"6,679",한국,15세이상관람가,드라마,장률,한예리|양익준|박정범|윤종빈|신민아|유연석|김의성|김태훈|조달환
미스트리스 아메리카,0.0659,"6,590",미국,15세이상관람가,"코미디,드라마",노아 바움백,그레타 거윅|롤라 커크
령 : 저주받은 사진,0.06184,"6,184",일본,15세이상관람가,공포(호러),아사토 마리,나카조 아야미|모리카와 아오이|야마야 카스미
카이트,0.06038,"6,038",미국,청소년관람불가,"범죄,액션",랄프 지만,사무엘 L. 잭슨|인디아 아이슬리|캘런 맥오리피
빽 투 더 퓨쳐,0.05857,"5,857",미국,"12세이상관람가,중학생이상관람가","SF,코미디,어드벤처",로버트 저메키스,마이클 J. 폭스|크리스토퍼 로이드|리 톰슨
별을 쫓는 아이,0.05794,"5,794",일본,전체관람가,애니메이션,신카이 마코토,
예전부터 계속 좋아했어 ~고백실행위원회~,0.05746,"5,746",일본,전체관람가,"애니메이션,멜로/로맨스",야나기자와 테츠야,카미야 히로시|토마츠 하루카|카지 유키|스즈무라 켄이치|토요사키 아키
베스트 오브 미,0.05714,"5,714",미국,15세이상관람가,"드라마,멜로/로맨스",마이클 호프만,미셸 모나한|제임스 마스던|라이아나 리버라토|루크 브레이시
키즈모노가타리 II : 열혈편,0.05598,"5,598",일본,15세이상관람가,"애니메이션,드라마,판타지,액션",신보 아키유키,카미야 히로시|사카모토 마아야|호리에 유이|사쿠라이 타카히로
버스 657,0.05394,"5,394",미국,15세이상관람가,"액션,스릴러",스콧 만,로버트 드니로|제프리 딘 모건|데이브 바티스타|케이트 보스워스
파이트 클럽,0.05365,"5,365",미국,"18세관람가,청소년관람불가","액션,범죄,드라마,스릴러",데이빗 핀처,브래드 피트|에드워드 노튼|헬레나 본햄 카터
해리 포터와 죽음의 성물1,0.05234,"5,234",미국,전체관람가,"미스터리,판타지",데이빗 예이츠,다니엘 래드클리프|엠마 왓슨|루퍼트 그린트
아스테릭스: 신들의 전당,0.05139,"5,139",프랑스,전체관람가,애니메이션,"루이 클리시,알렉상드르 아스티에",
뽀로로 극장판 눈요정 마을 대모험,0.05104,"5,104",한국,전체관람가,애니메이션,김현호,이선|함수정|홍소영|이미자|정미숙|김환진
오페라의 유령 : 25주년 특별 공연,0.04889,"4,889",영국,전체관람가,뮤지컬,"카메론 맥킨토시,로렌스 코너",라민 카림루|시에라 보게스
무수단,0.04865,"4,865",한국,15세이상관람가,"미스터리,스릴러",구모,이지아|김민준|도지한|김동영|오종혁|박유환|정진|박종찬|정의진|최건|유승원
서태지밴드 콘서트투어 '콰이어트나이트',0.04775,"4,775",한국,전체관람가,공연,서태지,서태지
향수 : 어느 살인자의 이야기,0.04715,"4,715",영국,15세이상관람가,"드라마,스릴러",톰 튀크베어,벤 위쇼|더스틴 호프만
스킵트레이스: 합동수사,0.04671,"4,671","홍콩,미국,중국",15세이상관람가,"액션,코미디",레니 할린,성룡|조니 녹스빌|판빙빙
"러브, 로지",0.04553,"4,553","영국,독일",15세이상관람가,"코미디,멜로/로맨스",크리스티안 디터,릴리 콜린스|샘 클라플린
클레오파트라,0.04516,"4,516","미국,영국,스위스",,드라마,조셉 L. 맨키위즈,엘리자베스 테일러|리차드 버튼
쿠보와 전설의 악기,0.04171,"4,171",미국,전체관람가,"애니메이션,어드벤처,가족,판타지",트래비스 나이트,샤를리즈 테론|랄프 파인즈|루니 마라|매튜 매커너히|조지 타케이|캐리-히로유키 타가와|브렌다 바카로
현기증,0.0408,"4,080",미국,15세이상관람가,"스릴러,범죄",알프레드 히치콕,킴 노박|제임스 스튜어트|바바라 벨 게디스
뱀파이어 아카데미,0.03983,"3,983","미국,영국,루마니아",15세이상관람가,"액션,코미디,판타지",마크 워터스,조이 더치|루시 프라이|다닐라 코즈로브스키
런던시계탑 밑에서 사랑을 찾을 확률,0.03948,"3,948","영국,프랑스",15세이상관람가,"코미디,멜로/로맨스",벤 팔머,사이몬 페그|레이크 벨
빌리 엘리어트 뮤지컬 라이브,0.03916,"3,916",미국,전체관람가,"뮤지컬,공연",스티븐 달드리,엘리엇 한나|루시에 헨쉘|데카 웜슬리
레드 리버,0.03889,"3,889",미국,,"서부극(웨스턴),액션,어드벤처",하워드 혹스,존 웨인|몽고메리 클리프트
라우더 댄 밤즈,0.03861,"3,861","노르웨이,프랑스,덴마크",15세이상관람가,드라마,요아킴 트리에,제시 아이젠버그|이자벨 위페르|가브리엘 번
슬리핑 위드 아더 피플,0.03808,"3,808",미국,청소년관람불가,"코미디,멜로/로맨스",레슬리 헤드랜드,알리슨 브리|제이슨 서디키스|아만다 피트|아담 스콧
매트릭스,0.03737,"3,737",미국,12세 미만인 자는 관람할 수 없는 등급,"SF,액션","앤디 워쇼스키,래리 워쇼스키",키아누 리브스|캐리 앤 모스|로렌스 피쉬번
타투,0.03727,"3,727",한국,청소년관람불가,스릴러,이서,송일국|윤주희|권현상|서영|조혜인|조훈휘|최상민|허윤원|김수환|김은희|김지은|박범준|박지수|안지호|이은주|한제인|한기중
아웃사이더,0.03711,"3,711",미국,15세이상관람가,"액션,범죄",브라이언 A. 밀러,크레이그 페어브라스|제이슨 패트릭|제임스 칸
더 기프트,0.037,"3,700","호주,미국",15세이상관람가,"미스터리,스릴러",조엘 에저튼,조엘 에저튼|제이슨 베이트먼|레베카 홀
폴라로이드,0.03689,"3,689","한국,중국",전체관람가,"드라마,가족",주호성,양범|조민서|윤주상|이한위|안병경|강이슬|김길수|김목현|김윤수|김응민|김정아|김태용|김현수|박찬효|서동기|유가영|이태곤|장나라|정숙향|정윤지|정재연|주호성|차소정|최예원|한동헌|황서인|황서인
아파치요새,0.03658,"3,658",미국,,서부극(웨스턴),존 포드,셜리 템플|헨리 폰다|존 웨인
바이 더 씨,0.03656,"3,656",미국,청소년관람불가,"드라마,멜로/로맨스",안젤리나 졸리,브래드 피트|안젤리나 졸리
포제션 : 중독된 사랑,0.03625,"3,625",미국,15세이상관람가,"미스터리,멜로/로맨스,스릴러","조엘 버그발,시몬 샌드퀴스트",사라 미셀 겔러|리 페이스
존 휴스턴 회고전-용서받지 못할 자,0.03608,"3,608",미국,,드라마,존 휴스턴,버트 랭커스터|오드리 헵번
엘머 갠트리,0.03524,"3,524",미국,,"드라마,멜로/로맨스",리차드 브룩스,버트 랭커스터|장 시몬즈
싸이코,0.03521,"3,521",미국,청소년관람불가,"공포(호러),스릴러,미스터리",알프레드 히치콕,안소니 퍼킨스|베라 마일즈|존 개빈|마틴 발삼|존 맥킨타이어|사이먼 오클랜드|본 테일러|프랭크 알버트슨|루렌 터틀|패트리샤 히치콕|존 앤더슨|자넷 리
맛있는 택배,0.03473,"3,473",한국,청소년관람불가,멜로/로맨스,기대호,송기준|윤원선|이성민|이예은|이원
제3의 사랑,0.03466,"3,466",중국,15세이상관람가,"멜로/로맨스,드라마",이재한,송승헌|유역비
신을 믿습니까?,0.03457,"3,457",미국,12세이상관람가,드라마,조나단 M. 건,숀 애스틴|테드 맥긴리|미라 소르비노|안드레아 로건 화이트|리 메이저스|알렉사 베가
제 7기사단,0.03415,"3,415","한국,미국",15세이상관람가,"액션,어드벤처",키리야 카즈아키,클라이브 오웬|모건 프리먼|안성기|엑셀 헨니|최재현|장한별|장영주|강영묵|김선웅|이상민|박재영|박상욱
브레이브 하트,0.03402,"3,402",미국,고등학생이상관람가,"드라마,액션,전쟁,사극",멜 깁슨,소피 마르소|제임스 코스모|제임스 로빈슨
세븐,0.03401,"3,401",미국,"연소자관람불가,청소년관람불가","범죄,스릴러",데이빗 핀처,브래드 피트|모건 프리먼|기네스 팰트로우
愛憎,0.03355,"3,355",미국,,"드라마,서부극(웨스턴),가족",에드워드 디미트릭,스펜서 트레이시|로버트 와그너|진 피터스
투캅스 인 파리,0.03345,"3,345",프랑스,청소년관람불가,"액션,코미디,범죄",다비드 샤혼,오마 사이|로랑 라피트
미스터 라잇,0.03338,"3,338",미국,청소년관람불가,"액션,코미디,멜로/로맨스",파코 카베자스,안나 켄드릭|샘 록웰|팀 로스
알렉산더대왕,0.03338,"3,338",미국,,"전쟁,사극","로버트 로즌,다니엘 다리우",리차드 버튼|프레드릭 마치|클레어 블룸
오만과 편견 그리고 좀비,0.03284,"3,284","미국,영국",15세이상관람가,"액션,공포(호러),멜로/로맨스",버 스티어스,릴리 제임스|샘 라일리|잭 휴스턴|더글라스 부스|맷 스미스|벨라 헤스콧
모든 비밀스러운 것들,0.03225,"3,225",미국,15세이상관람가,스릴러,에이미 버그,다코타 패닝|엘리자베스 뱅크스|다이안 레인|다니엘 맥도날드
나쁜놈은 죽는다,0.03147,"3,147","한국,중국",15세이상관람가,"코미디,액션",손호,손예진|진백림|신현준|박철민|장광|교진우|양욱문|정문박|김윤희
사랑에 대한 모든 것,0.03119,"3,119",미국,12세이상관람가,멜로/로맨스,제임스 마쉬,에디 레드메인|펠리시티 존스
어우동: 주인 없는 꽃,0.0311,"3,110",한국,청소년관람불가,멜로/로맨스,이수성,백도빈|송은채|여욱환|남경읍|이종민|이탁건|임준혁|장현희|정서경|박종환|정지나|정태성|조경민|주창욱|서재호|최충열|송유진|양정민|이건우|이광기|김선웅|김아람|이상헌|이성근|황소라|황정훈|황주호
존 웨인의 기병대,0.03106,"3,106",미국,12세이상관람가,"어드벤처,전쟁",존 포드,존 웨인|윌리엄 홀덴|콘스탄스 타워스
앱솔루틀리 애니씽,0.03056,"3,056","미국,영국",12세이상관람가,"코미디,SF",테리 존스,사이몬 페그|케이트 베킨세일|로빈 윌리엄스|테리 존스
허슬러,0.03051,"3,051",,,,,
레고 무비,0.03017,"3,017",미국,전체관람가,"애니메이션,코미디,액션,가족","필 로드,크리스 밀러",윌 페렐|리암 니슨|엘리자베스 뱅크스|모건 프리먼|윌 아넷|닉 오퍼만|크리스 프랫
지상 최대의 작전,0.03005,"3,005",,,,,
태양의 서커스 월드 어웨이,0.02979,"2,979",미국,전체관람가,공연,앤드류 아담슨,제이슨 베런트
극장판 울려라! 유포니엄,0.02957,"2,957",일본,전체관람가,"애니메이션,드라마",이시하라 타츠야,쿠로사와 토모요|안자이 치카
데미트리아스,0.02907,"2,907",미국,,"액션,드라마",델머 데이브즈,수잔 헤이워드|마이클 레니
망향,0.02881,"2,881",프랑스,12세이상관람가,"범죄,드라마,멜로/로맨스",줄리앙 뒤비비에르,장 가뱅
솔로몬 왕의 보고,0.02814,"2,814",영국,,"액션,어드벤처",로버트 스티븐슨,폴 로버슨|세드릭 하드윅|로랜드 영
리버티 밸런스를 쏜 사나이,0.02806,"2,806",미국,,서부극(웨스턴),존 포드,존 웨인
2001 스페이스 오디세이,0.02767,"2,767",,,,,
수색자,0.02714,"2,714",미국,12세관람가,"액션,드라마,어드벤처,서부극(웨스턴)",존 포드,존 웨인|제프리 헌터|나탈리 우드|베라 마일즈
일식,0.027,"2,700","이탈리아,프랑스",,"멜로/로맨스,드라마",미켈란젤로 안토니오니,모니카 비티|알랑 드롱|프란시스코 라발
제17 포로수용소,0.02674,"2,674",미국,,"드라마,전쟁",빌리 와일더,윌리엄 홀든|돈 테일러
포스트맨은 벨을 두번 울린다,0.02659,"2,659",미국,,드라마,테이 가넷,라나 터너|존 가필드
스플릿,0.02642,"2,642",한국,15세이상관람가,드라마,최국희,유지태|이정현|이다윗|정성화
세퍼레이트 테이블,0.02616,"2,616",미국,,드라마,델버트 만,데보라 카|리타 헤이워드|데이비드 니븐
